Workbook

Sheet Legend
B2: CAREER CONNECT (JOBB) - AUTH MODULE TEST CASES
B3: START HERE — THIS WORKBOOK CONTAINS 6 WORKSHEETS
B4: Use the sheet tabs at the bottom to review: Summary, Legend, Signup, OTP Verification, Login and Defects.
B5: APPROACH | C5: What was done
B6: Method | C6: Black box functional testing through the user interface. The application was run locally and each case was executed by hand on the Signup and OTP screens.
B7: Expected results | C7: No formal requirement document was available. Expected results are clearly stated testing assumptions based on common validation and security practices, then compared with the running application.
B8: Scope | C8: Registration, email verification and the related unverified-login check. Job posting, applications and API-level testing are outside this workbook.
B10: STATUS | C10: What it means
B11: Pass | C11: The actual result matched the expected result.
B12: Fail | C12: The actual result did not match. A defect is recorded in the Remarks column.
B13: Not Executed | C13: The case is designed but has not been run yet.
B14: Blocked | C14: The case could not be run because something else prevented it.
B16: COLUMN | C16: What goes in it
B17: Precondition | C17: What must already be true before the steps are followed.
B18: Test Steps | C18: Numbered steps. Another tester should be able to execute the case from these alone.
... B35: Low | C35: Wording, layout or polish. No functional impact.

Sheet Signup
A1: TEST CASES - USER REGISTRATION (Signup screen)
A2: Project : Career Connect (JOB PORTAL)
A4: Test Case ID | B4: Module | C4: Test Scenario | D4: Precondition | E4: Test Steps | F4: Test Data | G4: Expected Result | H4: Actual Result | I4: Status | J4: Severity | K4: Technique | L4: Remarks
A5: TC_REG_001 | B5: Signup | C5: Register with all valid details | D5: Signup page is open and the email is not already registered | E5: 1. Open the Signup page 2. Fill Full Name, Email, Phone Number, Password and Confirm Password 3. Select a role 4. Click Signup | F5: joshiaavash111@gmail.com / 98******52 / Pa$$@1234 / Pa$$@1234 / Jobseeker | G5: Account is created and the OTP verification screen opens | H5: Account was created and the OTP screen opened as expected | I5: Pass | K5: Positive
A6: TC_REG_002 | B6: Signup | C6: Submit with Full Name empty | D6: Signup page is open | E6: 1. Leave Full Name blank 2. Fill every other field correctly 3. Select a role 4. Click Signup | F6: fullname blank, all other fields valid | G6: A validation message naming the Full Name field | H6: Message displayed: Please enter your full name | I6: Pass | K6: Negative
A7: TC_REG_003 | B7: Signup | C7: Submit with Email empty | D7: Signup page is open | E7: 1. Leave Email blank 2. Fill every other field correctly 3. Click Signup | F7: email blank, all other fields valid | G7: A validation message naming the Email field | H7: Message displayed: Please enter your email | I7: Pass | K7: Negative
A8: TC_REG_004 | B8: Signup | C8: Submit with Phone Number empty | D8: Signup page is open | E8: 1. Leave Phone Number blank 2. Fill every other field correctly 3. Click Signup | F8: phoneNumber blank, all other fields valid | G8: A validation message naming the Phone Number field | H8: Message displayed: Please enter your phone number | I8: Pass | K8: Negative
A9: TC_REG_005 | B9: Signup | C9: Submit with Password empty | D9: Signup page is open | E9: 1. Leave Password blank 2. Fill every other field correctly 3. Click Signup | F9: password blank, all other fields valid | G9: A validation message naming the Password field | H9: Message displayed: Please enter the password | I9: Pass | K9: Negative
A10: TC_REG_006 | B10: Signup | C10: Submit without selecting a role | D10: Signup page is open | E10: 1. Fill every field correctly 2. Do not select Jobseeker or Recruiter 3. Click Signup | F10: role not selected | G10: A validation message asking the user to select a role | H10: Message displayed: Please select the role | I10: Pass | K10: Negative
A11: TC_REG_007 | B11: Signup | C11: Full Name containing digits | D11: Signup page is open | E11: 1. Enter Aavash123 in Full Name 2. Fill every other field correctly 3. Select a role 4. Click Signup 5. Check whether the account was created | F11: fullname Aavash123 | G11: Rejected with a message that a name must not contain numbers | H11: Registration completed successfully. Aavash123 was accepted as a valid name and the account was created | I11: Fail | J11: Medium | K11: Negative | L11: Full Name accepts digits. Logged as D-01.
A12: TC_REG_008 | B12: Signup | C12: Phone number not starting with 98 | D12: Signup page is open | E12: 1. Enter 1234567890 in Phone Number 2. Fill every other field correctly 3. Click Signup | F12: phoneNumber 1234567890 | G12: Rejected with a message about the phone number prefix | H12: Message displayed: Phone number must start with 98 | I12: Pass | K12: Negative / EP
A13: TC_REG_009 | B13: Signup | C13: Phone number shorter than 10 digits | D13: Signup page is open | E13: 1. Enter 987 in Phone Number 2. Fill every other field correctly 3. Click Signup | F13: phoneNumber 987 | G13: Rejected with a message about the required length | H13: Message displayed: Phone number must be 10 digits | I13: Pass | K13: BVA (below min)
A14: TC_REG_010 | B14: Signup | C14: Password shorter than the minimum length | D14: Signup page is open | E14: 1. Enter Pas@1 in Password and Confirm Password 2. Fill every other field correctly 3. Click Signup | F14: password Pas@1 in both fields | G14: Registration is rejected with a message explaining the minimum password length | H14: Message displayed: Password must be at lease 6 digits with at least one special character , one capital letter and must be one number. | I14: Pass | K14: Negative | L14: The password rule works, but the message has spelling and wording errors. Logged as D-02.
A15: TC_REG_011 | B15: Signup | C15: Password and Confirm Password do not match | D15: Signup page is open | E15: 1. Enter Pass@1234 in Password 2. Enter Pass@4321 in Confirm Password 3. Fill every other field correctly 4. Click Signup | F15: Pass@1234 and Pass@4321 | G15: Rejected with a mismatch message | H15: Message displayed: Password and confirm password did not match | I15: Pass | K15: Negative
A16: TC_REG_012 | B16: Signup | C16: Register with an email that is already registered | D16: An account already exists with the email used | E16: 1. Fill the form using an already registered email 2. Fill every other field correctly 3. Click Signup | F16: an existing email address | G16: Rejected with a message that the email is already registered | H16: Message displayed: Mail is registered previously | I16: Pass | K16: Negative
A17: TC_REG_013 | B17: Signup | C17: Phone number starting with 97 | D17: Signup page is open | E17: 1. Enter 9741234567 in Phone Number 2. Fill every other field correctly 3. Click Signup | F17: phoneNumber 9741234567 | G17: Accepted, because 97 is a valid Nepali mobile prefix | H17: Message displayed: Phone number must start with 98 | I17: Fail | J17: Medium | K17: EP / Negative | L17: A valid Nepali mobile number beginning with 97 is rejected. Logged as D-03.
A18: TC_REG_014 | B18: Signup | C18: Phone number longer than 10 digits | D18: Signup page is open | E18: 1. Enter 98123456789 in Phone Number 2. Fill every other field correctly 3. Click Signup | F18: phoneNumber 98123456789 | G18: Either the field stops at 10 digits or a length message is shown | H18: Message displayed : Phone number must be 10 digits . | I18: Pass | K18: BVA (above max)
A19: TC_REG_015 | B19: Signup | C19: Phone number of exactly 10 digits | D19: Signup page is open | E19: 1. Enter 9812345678 in Phone Number 2. Fill every other field correctly 3. Click Signup | F19: phoneNumber 9812345678 | G19: Accepted and registration proceeds | H19: Account was created and the OTP screen opened as expected | I19: Pass | K19: BVA (valid)
A20: TC_REG_016 | B20: Signup | C20: Letters entered in the Phone Number field | D20: Signup page is open | E20: 1. Type abcdefghij in Phone Number 2. Fill every other field correctly 3. Click Signup | F20: phoneNumber abcdefghij | G20: Letters are not accepted, or a validation message is shown | H20: Message displayed: Phone number must start with 98 | I20: Pass | K20: Negative | L20: The input is rejected, but the prefix message does not explain that letters are invalid. Consider logging a separate message-quality defect.
A21: TC_REG_017 | B21: Signup | C21: Email in an invalid format | D21: Signup page is open | E21: 1. Enter aavash@ in Email 2. Fill every other field correctly 3. Click Signup | F21: email aavash@ | G21: Rejected with an invalid email message | H21: Message Displayed : Email must end with @gmail.com | I21: Pass | K21: Negative
A22: TC_REG_018 | B22: Signup | C22: Full Name containing unsupported symbols | D22: Signup page is open | E22: 1. Enter aavash@#$ in Full Name 2. Fill every other field correctly 3. Click Signup | F22: fullname aavash@#$ | G22: Registration is rejected for unsupported name symbols | H22: Registration completed successfully. aavash@#$ was accepted as a valid name and the account was created | I22: Fail | J22: Medium | K22: Negative | L22: Full Name accepts unsupported symbols. Logged as D-04.
A23: TC_REG_019 | B23: Signup | C23: Leading and trailing spaces in the email | D23: Signup page is open | E23: 1. Enter the email with a space before and after 2. Fill every other field correctly 3. Click Signup | F23: ' joshiaavash111@gmail.com ' | G23: Spaces are trimmed and registration succeeds | H23: Account was created and the OTP screen opened as expected | I23: Pass | K23: Negative / EP
A24: TC_REG_020 | B24: Signup | C24: Password field masks the input | D24: Signup page is open | E24: 1. Type a password in the Password field 2. Observe the characters shown | F24: Pass@1234 | G24: Characters are shown as dots, never as plain text | H24: Result : Characters are not shown | I24: Pass | K24: Security / UI
A25: TC_REG_021 | B25: Signup | C25: Same email registered in a different letter case | D25: An account already exists with joshiaavash111@gmail.com | E25: 1. Register using JOSHIAAVASH111@GMAIL.COM 2. Fill every other field correctly 3. Click Signup | F25: JOSHIAAVASH111@GMAIL.COM | G25: Treated as the same email and rejected as a duplicate | H25: Message Displayed : Email is already used | I25: Pass | K25: Negative / EP | L25: If this creates a second account, one person can hold two accounts on the same address
A26: TC_REG_022 | B26: Signup | C26: Double click on the Signup button | D26: The form is filled correctly | E26: 1. Fill the form correctly 2. Double click Signup quickly 3. Check how many accounts were created | F26: valid registration data | G26: Only one account is created | H26: Result : Account created only once | I26: Pass | K26: Negative / Data
A27: TC_REG_023 | B27: Signup | C27: Submit with Confirm Password empty | D27: Signup page is open | E27: 1. Fill every field correctly 2. Leave Confirm Password blank 3. Select a role 4. Click Signup | F27: confirmPassword blank | G27: Registration is rejected with a message naming Confirm Password | H27: Result: Please enter confirm Password | I27: Pass | K27: Negative
A28: TC_REG_024 | B28: Signup | C28: Password at the minimum valid length | D28: Signup page is open | E28: 1. Enter a password containing exactly the stated minimum number of characters 2. Meet all character rules 3. Complete and submit the form | F28: Ab@123 | G28: Registration proceeds when all password rules are satisfied | H28: Message displayed: Password must be at lease 6 digits with at least one special character , one capital letter and must be one number. | I28: Fail | J28: Medium | K28: BVA (valid minimum) | L28: A password meeting the shown rules is rejected. Logged as D-05.
A29: TC_REG_025 | B29: Signup | C29: Password without an uppercase letter | D29: Signup page is open | E29: 1. Enter test@123 in Password and Confirm Password 2. Complete and submit the form | F29: test@123 | G29: Registration is rejected with a message requiring an uppercase letter | H29: Account was created and the OTP screen opened as expected | I29: Fail | J29: Medium | K29: Negative / EP | L29: A password without an uppercase letter is accepted. Logged as D-06.
A30: TC_REG_026 | B30: Signup | C30: Password without a number | D30: Signup page is open | E30: 1. Enter Test@abc in Password and Confirm Password 2. Complete and submit the form | F30: Test@abc | G30: Registration is rejected with a message requiring a number | H30: Message displayed: Password must be at lease 6 digits with at least one special character , one capital letter and must be one number. | I30: Pass | K30: Negative / EP
A31: TC_REG_027 | B31: Signup | C31: Password without a special character | D31: Signup page is open | E31: 1. Enter Test1234 in Password and Confirm Password 2. Complete and submit the form | F31: Test1234 | G31: Registration is rejected with a message requiring a special character | H31: Message displayed: Password must be at lease 6 digits with at least one special character , one capital letter and must be one number. | I31: Pass | K31: Negative / EP
A32: TC_REG_028 | B32: Signup | C32: Register with a valid non-Gmail email | D32: Signup page is open and the email is not registered | E32: 1. Enter a valid non-Gmail email 2. Fill every other field correctly 3. Select a role 4. Click Signup | F32: joshiaavash@outlook.com | G32: Registration succeeds because Outlook is a valid email provider | H32: Message Displayed : Email must end with @gmail.com | I32: Fail | J32: Medium | K32: Positive / EP | L32: A valid Outlook address is rejected because it is not Gmail. Logged as D-07.

Sheet OTP Verification
A1: TEST CASES - EMAIL OTP VERIFICATION
A4: Test Case ID | B4: Module | C4: Test Scenario | D4: Precondition | E4: Test Steps | F4: Test Data | G4: Expected Result | H4: Actual Result | I4: Status | J4: Severity | K4: Technique | L4: Remarks
A5: TC_OTP_001 | B5: OTP | C5: Verify with the correct OTP | D5: Registration is complete and the OTP email has arrived | E5: 1. Open the email and read the code 2. Enter the code on the OTP screen 3. Submit | F5: 6-digit code received by the dedicated test account | G5: The email is verified and the user reaches their account | H5: Message displayed: OTP is correct, signing in. The login options appears | I5: Pass | K5: Positive
A6: TC_OTP_002 | B6: OTP | C6: Verify with a wrong OTP | D6: The OTP screen is open | E6: 1. Enter a code that does not match 2. Submit 3. Observe whether the account opens | F6: an incorrect 6 digit code | G6: Verification fails and the account does not open | H6: Verification was rejected with a wrong OTP message and the account did not open | I6: Pass | K6: Negative
A7: TC_OTP_003 | B7: OTP | C7: Submit with the OTP field empty | D7: The OTP screen is open | E7: 1. Leave the OTP field blank 2. Submit | F7: otp blank | G7: A validation message asking for the OTP | H7: Message displayed: please Enter the OTP | I7: Pass | K7: Negative
A8: TC_OTP_004 | B8: OTP | C8: Verify after the OTP has expired | D8: An OTP was generated more than the validity period ago | E8: 1. Register and note the time 2. Wait past the stated expiry 3. Enter the correct code and submit | F8: the correct code after expiry | G8: Rejected with an expiry message | H8: Message displayed: OTP is expired click to resent it | I8: Pass | K8: BVA (time) | L8: Check the email text for the stated validity period and test just before and just after it
A9: TC_OTP_005 | B9: OTP | C9: Reuse an OTP that was already used | D9: The OTP was verified successfully once | E9: 1. Verify once successfully 2. Log out 3. Try the same code again | F9: the same code twice | G9: The second attempt is rejected | H9: Message displayed: Wrong OTP | I9: Pass | K9: Negative / Security
A10: TC_OTP_006 | B10: OTP | C10: Repeated wrong OTP attempts | D10: The OTP screen is open | E10: 1. Enter a wrong code 2. Repeat at least 20 times 3. Check whether attempts are ever blocked | F10: wrong code entered repeatedly | G10: Attempts are limited or the account is temporarily locked | H10: Result : Account is not locked | I10: Fail | J10: High | K10: Security | L10: Wrong OTP attempts are not limited. Logged as D-08.
A11: TC_OTP_007 | B11: OTP | C11: Resend the OTP | D11: The OTP screen is open and no email arrived | E11: 1. Look for a resend option 2. If present, use it and check that a new code arrives | F11: - | G11: A resend option exists and delivers a fresh code | H11: Result : New otp is sent to mail | I11: Pass | K11: UX
A12: TC_OTP_008 | B12: OTP | C12: Refresh the page on the OTP screen | D12: The OTP screen is open | E12: 1. Refresh the browser 2. Try to enter the code and submit | F12: browser refresh | G12: The user can still complete verification | H12: Result : The verification is completed | I12: Pass | K12: Negative
A13: TC_OTP_009 | B13: OTP | C13: Login before the email is verified | D13: An account was registered but the OTP was never entered | E13: 1. Register a new account 2. Leave the OTP screen without verifying 3. Try to log in with those credentials | F13: unverified account | G13: Login is blocked until the email is verified | H13: Message displayed: The account doesnot exists | I13: Pass | K13: Security | L13: Login is blocked as expected, but the message is unclear and should be reviewed separately.
A14: TC_OTP_010 | B14: OTP | C14: Submit a 5-digit OTP | D14: OTP screen is open | E14: 1. Enter a 5-digit code 2. Submit | F14: 12345 | G14: Verification cannot proceed until all 6 digits are entered | H14: The field waits for all 6 digits before allowing verification | I14: Pass | K14: BVA (below length)
A15: TC_OTP_011 | B15: OTP | C15: Submit a 7-digit OTP | D15: OTP screen is open | E15: 1. Enter a 7-digit code 2. Submit | F15: 1234567 | G15: The field limits input to 6 digits or rejects a longer code | H15: The field accepts a maximum of 6 digits; a seventh digit cannot be entered | I15: Pass | K15: BVA (above length)
A16: TC_OTP_012 | B16: OTP | C16: Enter letters in the OTP field | D16: OTP screen is open | E16: 1. Enter letters in the OTP field 2. Submit | F16: ABCDEF | G16: Letters are blocked or submission is rejected with a numeric-code message | H16: Letters are not accepted; the field accepts numbers only | I16: Pass | K16: Negative / EP
A17: TC_OTP_013 | B17: OTP | C17: Verify a valid OTP beginning with zero | D17: A valid code beginning with zero has been issued | E17: 1. Enter the complete code including the leading zero 2. Submit | F17: 0xxxxx | G17: The leading zero is preserved and verification succeeds | H17: Result : Not accept other then numbers | I17: Not Executed | K17: BVA / Data | L17: The recorded result does not test whether a leading zero is preserved. Retest with a valid OTP beginning with 0.
A18: TC_OTP_014 | B18: OTP | C18: Use the previous OTP after requesting resend | D18: A second OTP has been requested | E18: 1. Request a new OTP 2. Enter the previous OTP 3. Submit | F18: previous OTP | G18: The previous OTP is invalidated and rejected | H18: Message displayed: Wrong OTP | I18: Pass | K18: Negative / Security
A19: TC_OTP_015 | B19: OTP | C19: Request OTP resend repeatedly | D19: OTP screen is open | E19: 1. Select Resend repeatedly 2. Observe whether requests are delayed or limited | F19: multiple resend requests | G19: OTP resend is rate-limited by a visible cooldown period | H19: A new OTP can be requested after a 2-minute cooldown | I19: Pass | K19: Security / Negative

Sheet Login
A1: TEST CASES - USER LOGIN (Login screen)
A4: Test Case ID | B4: Module | C4: Test Scenario | D4: Precondition | E4: Test Steps | F4: Test Data | G4: Expected Result | H4: Actual Result | I4: Status | J4: Severity | K4: Technique | L4: Remarks
A5: TC_LOGIN_001 | B5: Login | C5: Login with valid credentials | D5: A verified account exists and the Login page is open | E5: 1. Enter the registered email 2. Enter the correct password 3. Click Login | F5: joshiaavash111@gmail.com / valid password | G5: Login succeeds and the user reaches the correct account page | H5: Message Displayed : Login Successful | I5: Pass | K5: Positive
A6: TC_LOGIN_002 | B6: Login | C6: Submit with Email empty | D6: Login page is open | E6: 1. Leave Email blank 2. Enter a valid password 3. Click Login | F6: email blank / valid password | G6: Login is blocked and a validation message identifies the Email field | H6: Message Displayed : Please Enter Email ID | I6: Pass | K6: Negative
A7: TC_LOGIN_003 | B7: Login | C7: Submit with Password empty | D7: Login page is open | E7: 1. Enter a registered email 2. Leave Password blank 3. Click Login | F7: joshiaavash111@gmail.com / password blank | G7: Login is blocked and a validation message identifies the Password field | H7: Message Displayed : Please Enter Password | I7: Pass | K7: Negative
A8: TC_LOGIN_004 | B8: Login | C8: Submit with Email and Password empty | D8: Login page is open | E8: 1. Leave both fields blank 2. Click Login | F8: email blank / password blank | G8: Login is blocked and validation messages identify all required fields | H8: Message Displayed : Please Enter Email ID and Password | I8: Pass | K8: Negative
A9: TC_LOGIN_005 | B9: Login | C9: Login with an invalid email format | D9: Login page is open | E9: 1. Enter an incorrectly formatted email 2. Enter any password 3. Click Login | F9: joshiaavash111@ / valid password | G9: Login is blocked and an invalid-email message is displayed | H9: Message Displayed : Please Enter valid Email ID | I9: Pass | K9: Negative / EP
A10: TC_LOGIN_006 | B10: Login | C10: Login with an unregistered email | D10: Login page is open | E10: 1. Enter an unregistered email 2. Enter a valid-format password 3. Click Login | F10: unregistered.user@gmail.com / valid password | G10: Login is rejected without revealing sensitive account-registration details | H10: Message Displayed : Please Enter valid Email ID | I10: Pass | K10: Negative / Security | L10: The generic response avoids confirming whether an account exists, although its wording could be clearer.
A11: TC_LOGIN_007 | B11: Login | C11: Login with an incorrect password | D11: A verified account exists and the Login page is open | E11: 1. Enter the registered email 2. Enter an incorrect password 3. Click Login | F11: joshiaavash111@gmail.com / incorrect password | G11: Login is rejected and the account page does not open | H11: Message Displayed : Please Enter valid Password | I11: Pass | K11: Negative
A12: TC_LOGIN_008 | B12: Login | C12: Verify password case sensitivity | D12: A verified account exists and the Login page is open | E12: 1. Enter the registered email 2. Change the letter case of the correct password 3. Click Login | F12: joshiaavash111@gmail.com / password with changed case | G12: Login is rejected because passwords are case-sensitive | H12: Message Displayed : Please Enter valid Password | I12: Pass | K12: Negative / EP
A13: TC_LOGIN_009 | B13: Login | C13: Login using uppercase email letters | D13: A verified account exists with joshiaavash111@gmail.com | E13: 1. Enter JOSHIAAVASH111@GMAIL.COM 2. Enter the correct password 3. Click Login | F13: JOSHIAAVASH111@GMAIL.COM / valid password | G13: The email is treated case-insensitively and login succeeds | H13: Message Displayed : Please Enter valid Email ID | I13: Fail | J13: Medium | K13: Positive / EP | L13: The registered email is rejected when entered in uppercase, although email matching should be case-insensitive. Logged as D-09.
A14: TC_LOGIN_010 | B14: Login | C14: Login with spaces around the email | D14: A verified account exists and the Login page is open | E14: 1. Enter spaces before and after the registered email 2. Enter the correct password 3. Click Login | F14: ' joshiaavash111@gmail.com ' / valid password | G14: Spaces are trimmed and login succeeds | H14: Message Displayed : Login Successful | I14: Pass | K14: Positive / EP
A15: TC_LOGIN_011 | B15: Login | C15: Login before email verification | D15: An account is registered but its OTP has not been verified | E15: 1. Enter the unverified account email 2. Enter its correct password 3. Click Login | F15: unverified account credentials | G15: Login is blocked until email verification is completed | H15: Message Displayed : Please Enter valid Email ID | I15: Pass | K15: Security | L15: Access is blocked as expected, but the message should explain that email verification is required.
A16: TC_LOGIN_012 | B16: Login | C16: Submit repeated incorrect passwords | D16: A verified account exists and the Login page is open | E16: 1. Enter the registered email 2. Submit an incorrect password repeatedly 3. Observe throttling or temporary lock behaviour | F16: 20 repeated incorrect passwords | G16: Repeated attempts are rate-limited or temporarily blocked with clear feedback | H16: Result : Account is not blocked | I16: Fail | J16: High | K16: Security / Negative | L16: Repeated incorrect-password attempts do not trigger throttling or a temporary lock. Logged as D-10.
A17: TC_LOGIN_013 | B17: Login | C17: Enter an SQL-injection-style value | D17: Login page is open | E17: 1. Enter the test string in Email or Password 2. Click Login 3. Observe the response | F17: ' OR '1'='1 | G17: Input is handled safely, login is rejected and no technical error is exposed | H17: Message Displayed : Please Enter valid Email ID | I17: Pass | K17: Security
A18: TC_LOGIN_014 | B18: Login | C18: Enter an XSS-style value | D18: Login page is open | E18: 1. Enter the test string in Email 2. Enter any password 3. Click Login 4. Observe the page | F18: <script>alert(1)</script> | G18: The value is treated as text, no script runs and login is rejected | H18: Message Displayed : Please Enter valid Email ID | I18: Pass | K18: Security
A19: TC_LOGIN_015 | B19: Login | C19: Double-click the Login button | D19: Valid credentials are entered | E19: 1. Enter valid credentials 2. Double-click Login quickly 3. Observe navigation and requests | F19: joshiaavash111@gmail.com / valid password | G19: Only one login request/session is processed and navigation occurs once | H19: Message Displayed : Login Successful Result : only one login session occurs | I19: Pass | K19: Negative / Data

Sheet Defects
A1: DEFECT LOG - AUTH MODULE
A4: Defect ID | B4: Test Case | C4: Summary | D4: Severity | E4: Actual Behaviour | F4: Why It Matters
A5: D-01 | B5: TC_REG_007 | C5: Full Name field accepts digits | D5: Medium | E5: Registration succeeds with the name Aavash123. | F5: Invalid names may be saved and shown on job applications.
A6: D-02 | B6: TC_REG_013 | C6: Mobile numbers beginning with 97 are rejected | D6: Medium | E6: Registration is blocked for the valid Nepali mobile number 9741234567. | F6: Users with valid 97 mobile numbers cannot create an account.
A7: D-03 | B7: TC_REG_018 | C7: Full Name field accepts unsupported symbols | D7: Medium | E7: Registration succeeds with unsupported symbols in the name: aavash@#$. | F7: Invalid symbols may be saved in the user's name.
A8: D-04 | B8: TC_REG_024 | C8: Valid minimum-length password is rejected | D8: Medium | E8: A 6-character password that meets the displayed character rules is rejected. | F8: Users may be unable to register even when their password follows the shown rules.
A9: D-05 | B9: TC_REG_025 | C9: Password without an uppercase letter is accepted | D9: Medium | E9: Registration succeeds with test@123 even though it has no uppercase letter. | F9: Weak passwords can be accepted, reducing account security.
A10: D-06 | B10: TC_REG_028 | C10: Valid non-Gmail email addresses are rejected | D10: Medium | E10: A valid Outlook email is rejected because the address does not end with @gmail.com. | F10: Users with valid Outlook or Yahoo emails cannot register.
A11: D-07 | B11: TC_OTP_006 | C11: No limit on wrong OTP attempts | D11: High | E11: A wrong OTP can be submitted repeatedly without a lock or attempt limit. | F11: Attackers can keep guessing OTPs without restriction.
A12: D-08 | B12: TC_LOGIN_009 | C12: Login rejects uppercase form of a registered email | D12: Medium | E12: The registered Gmail address is rejected when entered in uppercase letters. | F12: A valid user may be unable to log in because of email letter case.
A13: D-09 | B13: TC_LOGIN_012 | C13: No limit on repeated incorrect-password attempts | D13: High | E13: Repeated wrong passwords do not trigger throttling or a temporary lock. | F13: Attackers can keep guessing passwords without restriction.

Sheet Summary
B2: TEST EXECUTION SUMMARY
B5: Metric | C5: Signup | D5: OTP | E5: Login | F5: Total
B6: Total test cases | C6: =COUNTA(Signup!$A$5:$A$32) -> 28 | D6: =COUNTA('OTP Verification'!$A$5:$A$19) -> 15 | E6: =COUNTA(Login!$A$5:$A$19) -> 15 | F6: =C6+D6+E6 -> 58
B7: Pass | C7: =COUNTIF(Signup!$I$5:$I$32,"Pass") -> 22 | D7: =COUNTIF('OTP Verification'!$I$5:$I$19,"Pass") -> 13 | E7: =COUNTIF(Login!$I$5:$I$19,"Pass") -> 13 | F7: =C7+D7+E7 -> 48
B8: Fail | C8: =COUNTIF(Signup!$I$5:$I$32,"Fail") -> 6 | D8: =COUNTIF('OTP Verification'!$I$5:$I$19,"Fail") -> 1 | E8: =COUNTIF(Login!$I$5:$I$19,"Fail") -> 2 | F8: =C8+D8+E8 -> 9
B9: Blocked | C9: =COUNTIF(Signup!$I$5:$I$32,"Blocked") -> 0 | D9: =COUNTIF('OTP Verification'!$I$5:$I$19,"Blocked") -> 0 | E9: =COUNTIF(Login!$I$5:$I$19,"Blocked") -> 0 | F9: =C9+D9+E9 -> 0
B10: Not Executed | C10: =COUNTIF(Signup!$I$5:$I$32,"Not Executed") -> 0 | D10: =COUNTIF('OTP Verification'!$I$5:$I$19,"Not Executed") -> 1 | E10: =COUNTIF(Login!$I$5:$I$19,"Not Executed") -> 0 | F10: =C10+D10+E10 -> 1
B11: Executed so far | F11: =F7+F8+F9 -> 57
B12: Pass rate (of executed) | F12: =IFERROR(F7/(F7+F8),"") -> 0.84210526
B16: DEFECTS FOUND
B17: Defect ID | C17: Test Case | D17: Summary | E17: Severity
B18: D-01 | C18: TC_REG_007 | D18: Full Name field accepts digits | E18: Medium
B19: D-02 | C19: TC_REG_013 | D19: Mobile numbers beginning with 97 are rejected | E19: Medium
B20: D-03 | C20: TC_REG_018 | D20: Full Name field accepts unsupported symbols | E20: Medium
B21: D-04 | C21: TC_REG_024 | D21: Valid minimum-length password is rejected | E21: Medium
B22: D-05 | C22: TC_REG_025 | D22: Password without an uppercase letter is accepted | E22: Medium
B23: D-06 | C23: TC_REG_028 | D23: Valid non-Gmail email addresses are rejected | E23: Medium
B24: D-07 | C24: TC_OTP_006 | D24: No limit on wrong OTP attempts | E24: High
B25: D-08 | C25: TC_LOGIN_009 | D25: Login rejects uppercase form of a registered email | E25: Medium
B26: D-09 | C26: TC_LOGIN_012 | D26: No limit on repeated incorrect-password attempts | E26: High
B28: DEFECTS BY SEVERITY
B29: Severity | C29: Count | D29: Defect IDs
B30: High | C30: =COUNTIF(Defects!$D$5:$D$13,"High") -> 2 | D30: D-07, D-09
B31: Medium | C31: =COUNTIF(Defects!$D$5:$D$13,"Medium") -> 7 | D31: D-01, D-03, D-04, D-05, D-06, D-07, D-09
B32: Total | C32: =SUM(C30:C31) -> 9
B34: KEY FINDINGS
B35: High-priority issues: wrong OTP attempts (D-08) and wrong-password attempts (D-10) have no limit. Registration defects are listed first, followed by OTP and Login defects.
