Workbook

Sheet Legend
B2: JOBB - JOB MODULE TEST CASES
B3: THIS WORKBOOK CONTAINS 6 WORKSHEETS
B4: Use the sheet tabs at the bottom to review: Summary, Legend, Signup, OTP Verification, Login and Defects.
B6: SHEETS
B7: Post Job | C7: 22 cases on the Post Job form used by recruiters, covering its nine fields and the values they should and should not accept.
B8: Job Search | C8: 12 cases on the search box, covering repeated searches, special characters, letter case and what the results actually match on.
B9: Job Filter | C9: 10 cases on the location and industry filters, including what happens when two options are ticked at once.
B10: Job Detail | C10: 11 cases on the job detail page and the recruiter job list, checking that stored data is displayed correctly.
B11: Defects | C11: The six defects found, with what was observed and why each one matters.
B12: Summary | C12: Execution counts, the defect list and a severity breakdown. Counts update automatically.
B14: STATUS
B15: Pass | C15: The actual result matched the expected result.
B16: Fail | C16: The actual result did not match. A defect is raised.
B17: Blocked | C17: The case could not be run, for example because a dependency is broken.
B18: Not Executed | C18: Written but not yet run.
B20: SEVERITY
B21: High | C21: Data can be created or changed by someone who should not be able to, or a core action fails.
B22: Medium | C22: A rule is not enforced, or valid input is refused.
B23: Low | C23: Wording, spelling or layout.
B25: TECHNIQUE
B26: EP | C26: Equivalence partitioning. Inputs grouped so that one value represents the whole group.
B27: BVA | C27: Boundary value analysis. Values tested at the edge of a rule, where mistakes collect.
B28: Security | C28: Checks whether a restriction holds when the interface is bypassed.
B29: Data | C29: Checks what was stored, not only what the screen said.

Sheet Post Job
A1: TEST CASES - POST JOB (RECRUITER)
A4: Test Case ID | B4: Module | C4: Test Scenario | D4: Precondition | E4: Test Steps | F4: Test Data | G4: Expected Result | H4: Actual Result | I4: Status | J4: Severity | K4: Technique | L4: Remarks
A5: TC_JOB_001 | B5: Post Job | C5: Post a job with all fields filled correctly | D5: Logged in as a Recruiter with at least one company registered, on the Post Job page | E5: 1. Fill in every field with valid data 2. Select a company 3. Click Post New Job | F5: Title QA Intern, Salary 25000, Location Kathmandu, Position 2 | G5: The job is created and the recruiter is taken to the job list, where the new job appears | H5: Result : Sucessfully created job | I5: Pass | K5: Positive
A6: TC_JOB_002 | B6: Post Job | C6: Submit the form with every field empty | D6: Logged in as a Recruiter with at least one company registered, on the Post Job page | E6: 1. Leave all fields blank 2. Click Post New Job | F6: all fields blank | G6: The form is not submitted and a validation message names the fields that are required | H6: Message Displayed: Please fill all the information. | I6: Pass | K6: Negative | L6: Blocked before submission, so the local build does have client-side validation. The message is generic and does not name the missing field, which is recorded as defect JD-05.
A7: TC_JOB_003 | B7: Post Job | C7: Submit with only the Title filled | D7: Logged in as a Recruiter with at least one company registered, on the Post Job page | E7: 1. Enter a title only 2. Leave all other fields blank 3. Click Post New Job | F7: Title QA Intern, rest blank | G7: The job is not created and the missing fields are identified | H7: Message Displayed: Please fill all the information. | I7: Pass | K7: Negative | L7: Same generic message as TC_JOB_002.
A8: TC_JOB_004 | B8: Post Job | C8: Check the wording of the validation message | D8: Logged in as a Recruiter with at least one company registered, on the Post Job page | E8: 1. Leave one field blank 2. Click Post New Job 3. Read the message carefully | F8: any single field blank | G8: The message is spelled correctly and names the field that is missing | H8: Message Displayed: Please fill all the information. | I8: Pass | K8: UI / Content | L8: Please fill all the information is spelled correctly, but it does not name the field. See JD-05.
A9: TC_JOB_005 | B9: Post Job | C9: Salary entered as text | D9: Logged in as a Recruiter with at least one company registered, on the Post Job page | E9: 1. Fill all fields, entering text in Salary 2. Click Post New Job 3. If it saves, open the job list and check what the salary shows as | F9: Salary = abc | G9: The entry is rejected, because salary must be a number | H9: Message Displayed: please Enter Valid salary. | I9: Pass | K9: Negative / EP | L9: Rejected correctly. The message begins with a lower case letter while other messages begin with a capital, recorded as defect JD-06.
A10: TC_JOB_006 | B10: Post Job | C10: Salary entered as a negative number | D10: Logged in as a Recruiter with at least one company registered, on the Post Job page | E10: 1. Fill all fields, entering -5000 in Salary 2. Click Post New Job | F10: Salary = -5000 | G10: The entry is rejected, because a salary cannot be negative | H10: Message Displayed: please Enter Valid salary. | I10: Pass | K10: Negative / BVA
A11: TC_JOB_007 | B11: Post Job | C11: Salary entered as zero | D11: Logged in as a Recruiter with at least one company registered, on the Post Job page | E11: 1. Fill all fields, entering 0 in Salary 2. Click Post New Job | F11: Salary = 0 | G11: The entry is rejected, or zero is stated to mean unpaid rather than shown as a salary | H11: Result : Sucessfully created job | I11: Fail | J11: Medium | K11: BVA (lower boundary) | L11: A salary of 0 is accepted while -5000 is rejected, so the check stops at the wrong boundary. Raised as JD-01.
A12: TC_JOB_008 | B12: Post Job | C12: No of Position entered as zero | D12: Logged in as a Recruiter with at least one company registered, on the Post Job page | E12: 1. Fill all fields, entering 0 in No of Position 2. Click Post New Job | F12: Position = 0 | G12: The entry is rejected, because a job with no openings cannot be posted | H12: Message Displayed : Please Enter valid position. | I12: Pass | K12: BVA (lower boundary) | L12: A position of 0 is rejected, while a salary of 0 is accepted. The two fields treat the same boundary differently, which is the point of JD-01.
A13: TC_JOB_009 | B13: Post Job | C13: No of Position entered as a negative number | D13: Logged in as a Recruiter with at least one company registered, on the Post Job page | E13: 1. Fill all fields, entering -3 in No of Position 2. Click Post New Job | F13: Position = -3 | G13: The entry is rejected | H13: Message Displayed : Please Enter valid position. | I13: Pass | K13: Negative / BVA
A14: TC_JOB_010 | B14: Post Job | C14: No of Position entered as text | D14: Logged in as a Recruiter with at least one company registered, on the Post Job page | E14: 1. Fill all fields, entering two in No of Position 2. Click Post New Job | F14: Position = two | G14: The entry is rejected, because the number of positions must be numeric | H14: Message Displayed : Please Enter valid position. | I14: Pass | K14: Negative / EP
A15: TC_JOB_011 | B15: Post Job | C15: Requirements entered as a comma separated list | D15: Logged in as a Recruiter with at least one company registered, on the Post Job page | E15: 1. Enter three requirements separated by commas 2. Post the job 3. Open the job detail page and check how they display | F15: Requirements = Manual Testing, SQL, Postman | G15: The three requirements are stored and displayed as separate items | H15: Result : Sucessfully created job | I15: Pass | K15: Positive / Data | L15: Creation confirmed. How the three requirements display on the detail page was not recorded, so that part is still to be checked.
A16: TC_JOB_012 | B16: Post Job | C16: Requirements entered without any comma | D16: Logged in as a Recruiter with at least one company registered, on the Post Job page | E16: 1. Enter a single requirement with no comma 2. Post the job 3. Open the job detail page | F16: Requirements = Manual Testing | G16: The single requirement is stored and displayed correctly | H16: Result : Sucessfully created job | I16: Pass | K16: Positive / BVA
A17: TC_JOB_013 | B17: Post Job | C17: Requirements entered with spaces after the commas | D17: Logged in as a Recruiter with at least one company registered, on the Post Job page | E17: 1. Enter requirements with a space after each comma 2. Post the job 3. Check the job detail page | F17: Requirements = SQL , Postman , JIRA | G17: Extra spaces are trimmed and each requirement displays cleanly | H17: Result : Sucessfully created job | I17: Pass | K17: Negative / Data | L17: Creation confirmed. Whether the extra spaces were trimmed was not recorded.
A18: TC_JOB_014 | B18: Post Job | C18: Very long text in the Title field | D18: Logged in as a Recruiter with at least one company registered, on the Post Job page | E18: 1. Paste around 300 characters into Title 2. Fill the other fields 3. Post the job 4. Open the job list and the job detail page | F18: Title of about 300 characters | G18: Either a maximum length is enforced, or the long title displays without breaking the page layout | H18: Result : Sucessfully created job | I18: Pass | K18: BVA (upper boundary) | L18: No maximum length is enforced. Whether a 300 character title breaks the layout of the job card was not recorded.
A19: TC_JOB_015 | B19: Post Job | C19: Leading and trailing spaces in the Title | D19: Logged in as a Recruiter with at least one company registered, on the Post Job page | E19: 1. Enter a title with spaces before and after it 2. Post the job 3. Check how the title appears in the job list | F19: Title = ' QA Intern ' | G19: The spaces are trimmed before the title is stored | H19: Result : Sucessfully created job | I19: Pass | K19: Negative / Data | L19: Creation confirmed. Whether the surrounding spaces were trimmed was not recorded. TC_JOB_016 suggests the field is trimmed before it is checked.
A20: TC_JOB_016 | B20: Post Job | C20: Title containing only spaces | D20: Logged in as a Recruiter with at least one company registered, on the Post Job page | E20: 1. Type several spaces in Title 2. Fill the other fields 3. Click Post New Job | F20: Title = ' ' | G20: The entry is rejected, because spaces alone are not a title | H20: Message Displayed : Please Enter valid Title. | I20: Pass | K20: Negative / EP | L20: Spaces alone are rejected, so the blank check trims the value first rather than only testing for an empty string.
A21: TC_JOB_017 | B21: Post Job | C21: HTML entered in the Description field | D21: Logged in as a Recruiter with at least one company registered, on the Post Job page | E21: 1. Enter an HTML tag in Description 2. Post the job 3. Open the job detail page and see how it renders | F21: Description = <b>Urgent hiring</b> | G21: The text is displayed exactly as typed, not rendered as HTML | H21: Result : Sucessfully created job as entered | I21: Pass | K21: Security | L21: Stored as entered. Confirm on the detail page that the tag shows as text and does not render as bold.
A22: TC_JOB_018 | B22: Post Job | C22: Post a job without selecting a company | D22: Logged in as a Recruiter with at least one company registered, on the Post Job page | E22: 1. Fill every field except the company 2. Click Post New Job | F22: company not selected | G22: The job is not created and the company is identified as required | H22: Message Displayed : Please Enter the company name . | I22: Pass | K22: Negative
A23: TC_JOB_019 | B23: Post Job | C23: Open Post Job with no company registered | D23: Logged in as a Recruiter who has not registered any company | E23: 1. Go to the Post Job page 2. Open the company dropdown 3. Try to post a job | F23: no company on the account | G23: The page explains that a company must be registered first, and does not break | H23: Message Displayed : Please Enter the company name . | I23: Pass | K23: Negative / Error handling | L23: The page handles an account with no company and shows the same message rather than breaking.
A24: TC_JOB_020 | B24: Post Job | C24: Post two jobs with identical details | D24: Logged in as a Recruiter with at least one company registered, on the Post Job page | E24: 1. Post a job 2. Post a second job with exactly the same details 3. Check the job list | F24: the same job posted twice | G24: The behaviour is defined, either the duplicate is prevented or both are listed clearly | H24: Result : Sucessfully created job as entered | I24: Pass | K24: Negative / Data | L24: Duplicates are allowed and both postings appear. Not treated as a defect, but worth raising as a product question.
A25: TC_JOB_021 | B25: Post Job | C25: Job appears on the jobseeker side after posting | D25: A job has just been posted by the recruiter | E25: 1. Log out and log in as a Jobseeker 2. Open the job list 3. Find the newly posted job | F25: the job created in TC_JOB_001 | G25: The job is visible to jobseekers with the correct title, salary and location | H25: Result : Job is visible to sb seeker with correct details | I25: Pass | K25: Positive / End to end | L25: Confirms the data reached the database, not only that a success message appeared.
A26: TC_JOB_022 | B26: Post Job | C26: Navigate away without saving | D26: Logged in as a Recruiter with at least one company registered, on the Post Job page | E26: 1. Fill in a few fields 2. Navigate away without clicking Post New Job 3. Open the job list | F26: partially filled form | G26: No job is created | H26: Result : No job Created | I26: Pass | K26: Negative

Sheet Job Search
A1: TEST CASES - JOB SEARCH (JOBSEEKER)
A4: Test Case ID | B4: Module | C4: Test Scenario | D4: Precondition | E4: Test Steps | F4: Test Data | G4: Expected Result | H4: Actual Result | I4: Status | J4: Severity | K4: Technique | L4: Remarks
A5: TC_SRC_001 | B5: Search | C5: Search for a job title that exists | D5: Logged in as a Jobseeker, with several jobs already posted | E5: 1. Type a job title in the search box 2. Submit the search 3. Check the results | F5: keyword = Developer | G5: Jobs whose title matches the keyword are listed, and the result count is shown | H5: Result : Developer jobs are listed | I5: Pass | K5: Positive
A6: TC_SRC_002 | B6: Search | C6: Search for a keyword that matches nothing | D6: Logged in as a Jobseeker, with several jobs already posted | E6: 1. Search for a word that appears in no job 2. Check the screen | F6: keyword = zzzzqqqq | G6: An empty result is shown with a message, and the page does not break | H6: Result : Empty screen with no any job | I6: Fail | J6: Low | K6: Negative / EP | L6: The screen is empty with no message, so the user cannot tell whether the search ran or the page failed. Raised as JD-03.
A7: TC_SRC_003 | B7: Search | C7: Run a second search without leaving the page | D7: Logged in as a Jobseeker, with several jobs already posted | E7: 1. Search for one keyword and note the results 2. Without reloading, clear the box and search for a different keyword 3. Compare the results with the first search | F7: first Developer, then Tester | G7: The results update to match the second keyword | H7: Result : First Developer job are listed then Tester are listed. | I7: Pass | K7: Positive
A8: TC_SRC_004 | B8: Search | C8: Search with an empty keyword | D8: Logged in as a Jobseeker, with several jobs already posted | E8: 1. Leave the search box empty 2. Submit the search | F8: keyword blank | G8: All jobs are listed, or the user is told to enter a keyword | H8: Result : Empty screen with no any job | I8: Fail | J8: Medium | K8: EP (boundary) | L8: An empty keyword returns nothing at all. It should either list every job or ask for a keyword. Raised as JD-02.
A9: TC_SRC_005 | B9: Search | C9: Search using different letter case | D9: Logged in as a Jobseeker, with several jobs already posted | E9: 1. Search for a keyword in lower case and note the count 2. Search for the same word in capitals 3. Compare the counts | F9: developer, then DEVELOPER | G9: Both searches return the same jobs, because search should ignore letter case | H9: Result : Developer jobs are listed | I9: Pass | K9: EP
A10: TC_SRC_006 | B10: Search | C10: Search using a word from the description only | D10: Logged in as a Jobseeker, with several jobs already posted | E10: 1. Pick a word that appears in a job description but not in its title 2. Search for it 3. Check which jobs are returned | F10: a word from the description | G10: Matching jobs are returned, and it is clear to the user why each one matched | H10: Result : no jobs are displayed | I10: Fail | J10: Low | K10: EP | L10: Search matches the title only, so a job is not found by a word that appears in its description. Raised as JD-04, which may be closed as working as designed.
A11: TC_SRC_007 | B11: Search | C11: Search using a bracket or other special character | D11: Logged in as a Jobseeker, with several jobs already posted | E11: 1. Type an opening bracket in the search box 2. Submit the search 3. Check the screen and the browser network response | F11: keyword = ( | G11: The search runs safely and either returns no results or handles the character, without an error | H11: Result : no jobs are displayed | I11: Pass | K11: Negative / Security
A12: TC_SRC_008 | B12: Search | C12: Search with leading and trailing spaces | D12: Logged in as a Jobseeker, with several jobs already posted | E12: 1. Search for a keyword with spaces before and after it 2. Compare the count with the same search without spaces | F12: ' Developer ' | G12: Spaces are trimmed and both searches return the same jobs | H12: Result : Developer jobs are listed | I12: Pass | K12: Negative / Data
A13: TC_SRC_009 | B13: Search | C13: Search with a very long keyword | D13: Logged in as a Jobseeker, with several jobs already posted | E13: 1. Paste around 500 characters into the search box 2. Submit the search | F13: keyword of about 500 characters | G13: The search completes and returns no results, without an error or a long delay | H13: Result : no jobs are displayed | I13: Pass | K13: BVA (upper boundary) | L13: A 500 character keyword returns nothing, with no error and no delay.
A14: TC_SRC_010 | B14: Search | C14: Search from the home page | D14: Logged in as a Jobseeker, on the home page | E14: 1. Use the search box on the home page 2. Submit 3. Check where the user lands and what is shown | F14: keyword = Developer | G14: The user is taken to the results page and the keyword is applied | H14: Result : Developer jobs are listed | I14: Pass | K14: Positive / Navigation
A15: TC_SRC_011 | B15: Search | C15: Return to the results page using the back button | D15: A search has been run and a job has been opened from the results | E15: 1. Run a search 2. Open a job from the results 3. Press the browser back button | F15: keyword = Developer | G15: The results for the same keyword are shown again | H15: Result : Developer jobs are listed | I15: Pass | K15: Positive / Navigation
A16: TC_SRC_012 | B16: Search | C16: Result count matches the number of jobs shown | D16: Logged in as a Jobseeker, with several jobs already posted | E16: 1. Run a search 2. Read the number shown in the heading 3. Count the job cards on the page | F16: keyword = Developer | G16: The count in the heading matches the number of cards displayed | H16: Result : Count matches | I16: Pass | K16: Data

Sheet Job Filter
A1: TEST CASES - JOB SEARCH (JOBSEEKER) | F1: TEST CASES - JOB SEARCH (JOBSEEKER)
A4: Test Case ID | B4: Module | C4: Test Scenario | D4: Precondition | E4: Test Steps | F4: Test Data | G4: Expected Result | H4: Actual Result | I4: Status | J4: Severity | K4: Technique | L4: Remarks
A5: TC_FLT_001 | B5: Filter | C5: Filter by a single location | D5: Logged in as a Jobseeker, with several jobs already posted | E5: 1. Tick one location in the filter 2. Check the jobs listed | F5: Location = Kathmandu | G5: Only jobs in that location are shown | H5: Result : jobs only in kathmandu are shown | I5: Pass | K5: Positive
A6: TC_FLT_002 | B6: Filter | C6: Filter by two locations at once | D6: Logged in as a Jobseeker, with several jobs already posted | E6: 1. Tick two different locations 2. Check the jobs listed | F6: Kathmandu and Lalitpur | G6: Jobs from both locations are shown, because ticking more options should widen the results | H6: Result : jobs from both kathmandu and Lalitpur are shown | I6: Pass | K6: Positive / EP
A7: TC_FLT_003 | B7: Filter | C7: Filter by a single industry | D7: Logged in as a Jobseeker, with several jobs already posted | E7: 1. Tick one industry option 2. Check the jobs listed | F7: Industry = Frontend Developer | G7: Only matching jobs are shown | H7: Result : Jobs with frontend developer are shown | I7: Pass | K7: Positive
A8: TC_FLT_004 | B8: Filter | C8: Filter by a location and an industry together | D8: Logged in as a Jobseeker, with several jobs already posted | E8: 1. Tick one location and one industry 2. Check the jobs listed | F8: Kathmandu and Frontend Developer | G8: Only jobs matching both are shown | H8: Result : Jobs of frontend developer in kathmandu are shown | I8: Pass | K8: Positive / EP
A9: TC_FLT_005 | B9: Filter | C9: Filter for a location with no jobs | D9: Logged in as a Jobseeker, with several jobs already posted | E9: 1. Tick a location that has no jobs posted 2. Check the screen | F9: Location = USA | G9: An empty result is shown with a message, and the page does not break | H9: Result : no jobs are displayed | I9: Fail | J9: Low | K9: Negative | L9: Same empty state as TC_SRC_002, with no message telling the user that nothing matched. Covered by JD-03.
A10: TC_FLT_006 | B10: Filter | C10: Clear the filters | D10: Logged in as a Jobseeker, with several jobs already posted | E10: 1. Apply one or more filters 2. Click the clear option 3. Check the jobs listed and the checkboxes | F10: - | G10: All jobs are listed again and every checkbox is cleared | H10: Result : all jobs are listed | I10: Pass | K10: Positive
A11: TC_FLT_007 | B11: Filter | C11: Untick a filter that was applied | D11: Logged in as a Jobseeker, with several jobs already posted | E11: 1. Tick a location and note the results 2. Untick the same location 3. Check the results | F11: Location = Kathmandu | G11: The results return to the unfiltered list | H11: Result : all jobs are listed after untick | I11: Pass | K11: Positive
A12: TC_FLT_008 | B12: Filter | C12: Filter for a location that is not in the list | D12: Logged in as a Jobseeker, with a job posted in a location that does not appear in the filter | E12: 1. Post or find a job in a location such as Pokhara 2. Open the filter list and look for that location | F12: Location = Pokhara | G12: Every location that has jobs can be filtered on | H12: Result : jobs only in pokhara are shown | I12: Pass | K12: Data / EP
A13: TC_FLT_009 | B13: Filter | C13: Filter matches the location field only | D13: Logged in as a Jobseeker, with several jobs already posted | E13: 1. Find a job posted in one city whose description mentions a different city 2. Filter by the city in the description 3. Check whether that job appears | F13: a Pokhara job whose description mentions Kathmandu | G13: The job appears only under its own location, not under a city mentioned in the text | H13: Result : jobs only in pokhara are shown | I13: Pass | K13: Data
A14: TC_FLT_010 | B14: Filter | C14: Use a filter and a search keyword together | D14: Logged in as a Jobseeker, with several jobs already posted | E14: 1. Enter a search keyword 2. Tick a location filter 3. Check the results | F14: keyword Developer and Location Kathmandu | G14: The behaviour is defined and consistent, whether the two combine or the later one replaces the earlier | H14: Result : Jobs of developer in kathmandu are shown | I14: Pass | K14: Positive / EP

Sheet Job Detail
A1: TEST CASES - JOB DETAIL AND RECRUITER JOB LIST
A4: Test Case ID | B4: Module | C4: Test Scenario | D4: Precondition | E4: Test Steps | F4: Test Data | G4: Expected Result | H4: Actual Result | I4: Status | J4: Severity | K4: Technique | L4: Remarks
A5: TC_JDT_001 | B5: Job Detail | C5: Open a job from the list | D5: Logged in as a Jobseeker, with several jobs already posted | E5: 1. Click a job card in the list 2. Compare the detail page with the card | F5: any listed job | G5: The detail page opens and the title, salary, location and job type match the card | H5: Result : Details Match | I5: Pass | K5: Positive
A6: TC_JDT_002 | B6: Job Detail | C6: Salary displays with its unit | D6: Logged in as a Jobseeker, with several jobs already posted | E6: 1. Open a job 2. Read the salary as it is displayed | F6: Salary = 25000 | G6: The salary is shown with a currency or a unit, so the figure is not ambiguous | H6: Result : Details Match | I6: Pass | K6: UI / Content | L6: Confirm that the salary carries a currency or a unit, so the figure cannot be read the wrong way.
A7: TC_JDT_003 | B7: Job Detail | C7: Number of positions displays correctly | D7: A job posted with two positions | E7: 1. Open that job 2. Check the number of positions shown | F7: Position = 2 | G7: The value shown matches what was entered | H7: Result : Details Match | I7: Pass | K7: Data
A8: TC_JDT_004 | B8: Job Detail | C8: Open a job using an ID that does not exist | D8: Logged in as a Jobseeker | E8: 1. Take a job URL and change the ID to one that does not exist 2. Load the page | F8: a job ID that does not exist | G8: A clear not found message is shown and the page does not break | H8: Result : This page doesn’t Exist | I8: Pass | K8: Negative / Error handling
A9: TC_JDT_005 | B9: Job Detail | C9: Open a job using an invalid ID format | D9: Logged in as a Jobseeker | E9: 1. Replace the job ID in the URL with a short word 2. Load the page 3. Wait and watch the screen | F9: job ID = abc | G9: A clear error is shown promptly, and the page does not hang | H9: Result : This page doesn’t Exist | I9: Pass | K9: Negative / Error handling | L9: An invalid ID returns a clear message promptly rather than leaving the page loading.
A10: TC_JDT_006 | B10: Job Detail | C10: Posted date is shown and is correct | D10: A job posted today | E10: 1. Open the job 2. Check the posted date or the days ago value | F10: the job from TC_JOB_001 | G10: The date reflects when the job was actually posted | H10: Result : page opens | I10: Not Executed | K10: Data | L10: The recorded result confirms the page opens but not whether the posted date is correct. Re-run and record the date shown against the date the job was posted.
A11: TC_JDT_007 | B11: Job Detail | C11: Company details appear on the job | D11: Logged in as a Jobseeker, with several jobs already posted | E11: 1. Open a job 2. Check the company name and logo | F11: any listed job | G11: The correct company is shown for that job | H11: Result : Details Match | I11: Pass | K11: Data
A12: TC_JDT_008 | B12: Recruiter Jobs | C12: Recruiter sees only their own jobs | D12: Two recruiter accounts exist, each with jobs posted | E12: 1. Log in as the first recruiter 2. Open the job list 3. Check whether any job posted by the other recruiter appears | F12: two recruiter accounts | G12: Only the logged in recruiter's own jobs are listed | H12: Result : Only loggedin recruiter jobs are listed | I12: Pass | K12: Security / Data
A13: TC_JDT_009 | B13: Recruiter Jobs | C13: Recruiter job list is sorted newest first | D13: A recruiter with at least three jobs posted at different times | E13: 1. Open the recruiter job list 2. Compare the order against the posted dates | F13: three jobs posted on different days | G13: The newest job appears at the top | H13: Result : The newest job appears at top | I13: Pass | K13: Data | L13: Newest first ordering works. The sort problem expected from the published code is not present in this build.
A14: TC_JDT_010 | B14: Recruiter Jobs | C14: Recruiter with no jobs opens the job list | D14: A newly registered recruiter with no jobs posted | E14: 1. Open the recruiter job list 2. Check the screen | F14: no jobs on the account | G14: An empty state message is shown and the page does not break | H14: Result : The emply page with add job button | I14: Pass | K14: Negative
A15: TC_JDT_011 | B15: Recruiter Jobs | C15: Number of applicants shown is correct | D15: A job that has received two applications | E15: 1. Open the recruiter job list 2. Check the applicant count against the applicants page | F15: a job with two applicants | G15: The count matches the number of applicants actually listed | H15: Result : The Count mathes the no of applicant in the job | I15: Pass | K15: Data

Sheet Defects
A1: DEFECT LOG - JOB MODULE
A4: Defect ID | B4: Test Case ID | C4: Defect Summary | D4: Severity | E4: Observed Behaviour | F4: Why It Matters
A5: JD-01 | B5: TC_JOB_007 | C5: Salary of zero is allowed, but a minus salary is blocked | D5: Medium | E5: A salary of -5000 is blocked. A salary of 0 is saved and the job goes live. | F5: The check blocks anything below zero, but not zero itself. So it stops one value too early. A job with zero salary is shown to jobseekers with no explanation.
A6: JD-02 | B6: TC_SRC_004 | C6: An empty search shows no jobs at all | D6: Medium | E6: Pressing search with the box empty gives an empty screen. No jobs are listed. | F6: An empty search should show all jobs, or ask the user to type something. Showing nothing makes a working site look broken. It is easy to hit by pressing enter in an empty box.
A7: JD-03 | B7: TC_SRC_002 | C7: No message when a search or filter finds nothing | D7: Low | E7: A word that matches no job, and a location with no jobs, both leave an empty area with no text. | F7: The user cannot tell if nothing matched or the page failed to load. One line saying no jobs found would fix it.
A8: JD-04 | B8: TC_SRC_006 | C8: Search does not look at the job description | D8: Low | E8: Searching for a word that is in a job description, but not in its title, finds nothing. | F8: A jobseeker looking for a skill named in the description will not find the job. The team may have done this on purpose to keep results tight.
A9: JD-05 | B9: TC_JOB_002 | C9: The message does not say which field is missing | D9: Low | E9: Leaving any field empty gives Please fill all the information. The same message shows whether one field or all nine are empty. | F9: On a form with nine fields, the user has to hunt for the one they missed. Naming the field, or marking it on the form, would remove the guesswork.
A10: JD-06 | B10: TC_JOB_005 | C10: Messages do not always start with a capital letter | D10: Low | E10: please Enter Valid salary starts with a small letter. Please Enter valid position and Please Enter valid Title start with a capital. | F10: Small differences like this stand out on a page where the user is already stuck. Cheap to fix, and worth listing so all the messages get corrected together.

Sheet Summary
B2: EXECUTION SUMMARY - JOB MODULE
B5: Metric | C5: Post Job | D5: Job Search | E5: Job Filter | F5: Job Detail | G5: Total
B6: Total test cases | C6: =COUNTA('Post Job'!$A$5:$A$26) -> 22 | D6: =COUNTA('Job Search'!$A$5:$A$16) -> 12 | E6: =COUNTA('Job Filter'!$A$5:$A$14) -> 10 | F6: =COUNTA('Job Detail'!$A$5:$A$15) -> 11 | G6: =SUM(C6:F6) -> 55
B7: Pass | C7: =COUNTIF('Post Job'!$I$5:$I$26,"Pass") -> 21 | D7: =COUNTIF('Job Search'!$I$5:$I$16,"Pass") -> 9 | E7: =COUNTIF('Job Filter'!$I$5:$I$14,"Pass") -> 9 | F7: =COUNTIF('Job Detail'!$I$5:$I$15,"Pass") -> 10 | G7: =SUM(C7:F7) -> 49
B8: Fail | C8: =COUNTIF('Post Job'!$I$5:$I$26,"Fail") -> 1 | D8: =COUNTIF('Job Search'!$I$5:$I$16,"Fail") -> 3 | E8: =COUNTIF('Job Filter'!$I$5:$I$14,"Fail") -> 1 | F8: =COUNTIF('Job Detail'!$I$5:$I$15,"Fail") -> 0 | G8: =SUM(C8:F8) -> 5
B9: Blocked | C9: =COUNTIF('Post Job'!$I$5:$I$26,"Blocked") -> 0 | D9: =COUNTIF('Job Search'!$I$5:$I$16,"Blocked") -> 0 | E9: =COUNTIF('Job Filter'!$I$5:$I$14,"Blocked") -> 0 | F9: =COUNTIF('Job Detail'!$I$5:$I$15,"Blocked") -> 0 | G9: =SUM(C9:F9) -> 0
B10: Not Executed | C10: =COUNTIF('Post Job'!$I$5:$I$26,"Not Executed") -> 0 | D10: =COUNTIF('Job Search'!$I$5:$I$16,"Not Executed") -> 0 | E10: =COUNTIF('Job Filter'!$I$5:$I$14,"Not Executed") -> 0 | F10: =COUNTIF('Job Detail'!$I$5:$I$15,"Not Executed") -> 1 | G10: =SUM(C10:F10) -> 1
B11: Executed so far | G11: =G7+G8+G9 -> 54
B12: Pass rate (of executed) | G12: =IFERROR(G7/(G7+G8),"") -> 0.90740741
B14: DEFECTS FOUND
B15: Defect ID | C15: Test Case | D15: Summary | E15: Severity
B16: JD-01 | C16: TC_JOB_007 | D16: Salary of zero is allowed, but a minus salary is blocked | E16: Medium
B17: JD-02 | C17: TC_SRC_004 | D17: An empty search shows no jobs at all | E17: Medium
B18: JD-03 | C18: TC_SRC_002 | D18: No message when a search or filter finds nothing | E18: Low
B19: JD-04 | C19: TC_SRC_006 | D19: Search does not look at the job description | E19: Low
B20: JD-05 | C20: TC_JOB_002 | D20: The message does not say which field is missing | E20: Low
B21: JD-06 | C21: TC_JOB_005 | D21: Messages do not always start with a capital letter | E21: Low
B23: BY SEVERITY
B24: Severity | C24: Count | D24: Defect IDs
B25: Medium | C25: =COUNTIF(Defects!$D$5:$D$24,"Medium") -> 2 | D25: JD-01, JD-02
B26: Low | C26: =COUNTIF(Defects!$D$5:$D$24,"Low") -> 4 | D26: JD-03, JD-04, JD-05, JD-06
B27: Total | C27: =SUM(C25:C26) -> 6
